<?xml version="1.0" encoding="UTF-8"?>
<GenRun Id="synth_1" LaunchPart="xc7z010clg400-1" LaunchTime="1620976989">
  <File Type="VDS-TIMING-PB" Name="ElectricGoKart_wrapper_timing_summary_synth.pb"/>
  <File Type="VDS-TIMINGSUMMARY" Name="ElectricGoKart_wrapper_timing_summary_synth.rpt"/>
  <File Type="RDS-DCP" Name="ElectricGoKart_wrapper.dcp"/>
  <File Type="RDS-UTIL-PB" Name="ElectricGoKart_wrapper_utilization_synth.pb"/>
  <File Type="RDS-UTIL" Name="ElectricGoKart_wrapper_utilization_synth.rpt"/>
  <File Type="RDS-PROPCONSTRS" Name="ElectricGoKart_wrapper_drc_synth.rpt"/>
  <File Type="RDS-RDS" Name="ElectricGoKart_wrapper.vds"/>
  <File Type="REPORTS-TCL" Name="ElectricGoKart_wrapper_reports.tcl"/>
  <File Type="PA-TCL" Name="ElectricGoKart_wrapper.tcl"/>
  <FileSet Name="sources" Type="DesignSrcs" RelSrcDir="$PSRCDIR/sources_1">
    <Filter Type="Srcs"/>
    <File Path="$PSRCDIR/sources_1/bd/ElectricGoKart/ElectricGoKart.bd">
      <FileInfo>
        <Attr Name="UsedIn" Val="synthesis"/>
        <Attr Name="UsedIn" Val="implementation"/>
        <Attr Name="UsedIn" Val="simulation"/>
      </FileInfo>
    </File>
    <File Path="$PSRCDIR/sources_1/bd/ElectricGoKart/hdl/ElectricGoKart_wrapper.vhd">
      <FileInfo>
        <Attr Name="UsedIn" Val="synthesis"/>
        <Attr Name="UsedIn" Val="simulation"/>
      </FileInfo>
    </File>
    <Config>
      <Option Name="DesignMode" Val="RTL"/>
      <Option Name="TopModule" Val="ElectricGoKart_wrapper"/>
      <Option Name="TopAutoSet" Val="TRUE"/>
    </Config>
  </FileSet>
  <FileSet Name="constrs_in" Type="Constrs" RelSrcDir="$PSRCDIR/constrs_1">
    <Filter Type="Constrs"/>
    <File Path="$PSRCDIR/constrs_1/new/ElectricGoKartConstraints.xdc">
      <FileInfo>
        <Attr Name="UsedIn" Val="synthesis"/>
        <Attr Name="UsedIn" Val="implementation"/>
      </FileInfo>
    </File>
    <Config>
      <Option Name="TargetConstrsFile" Val="$PSRCDIR/constrs_1/new/ElectricGoKartConstraints.xdc"/>
      <Option Name="ConstrsType" Val="XDC"/>
    </Config>
  </FileSet>
  <FileSet Name="utils" Type="Utils" RelSrcDir="$PSRCDIR/utils_1">
    <Filter Type="Utils"/>
    <Config>
      <Option Name="TopAutoSet" Val="TRUE"/>
    </Config>
  </FileSet>
  <Strategy Version="1" Minor="2">
    <StratHandle Name="Vivado Synthesis Defaults" Flow="Vivado Synthesis 2018"/>
    <Step Id="synth_design"/>
  </Strategy>
  <BlockFileSet Type="BlockSrcs" Name="ElectricGoKart_PWM_Generator_0_1"/>
  <BlockFileSet Type="BlockSrcs" Name="ElectricGoKart_axi_gpio_4_0"/>
  <BlockFileSet Type="BlockSrcs" Name="ElectricGoKart_axi_gpio_2_0"/>
  <BlockFileSet Type="BlockSrcs" Name="ElectricGoKart_axi_gpio_3_0"/>
  <BlockFileSet Type="BlockSrcs" Name="ElectricGoKart_axi_gpio_1_0"/>
  <BlockFileSet Type="BlockSrcs" Name="ElectricGoKart_processing_system7_0_0"/>
  <BlockFileSet Type="BlockSrcs" Name="ElectricGoKart_axi_gpio_0_0"/>
  <BlockFileSet Type="BlockSrcs" Name="ElectricGoKart_Encoder_Driver_0_0"/>
  <BlockFileSet Type="BlockSrcs" Name="ElectricGoKart_xadc_wiz_0_0"/>
</GenRun>
