<?xml version="1.0"?>
<Runs Version="1" Minor="0">
	<Run Id="ElectricGoKart_xadc_wiz_0_0_synth_1" LaunchDir="/home/sebastian/Desktop/Git/SDU/ElectricGoKart/Software/ElectricGoKart/ElectricGoKart.runs/ElectricGoKart_xadc_wiz_0_0_synth_1" FlowId="Vivado_Synthesis" FromStepId="vivado" ToStepId="vivado"/>
	<Run Id="ElectricGoKart_rst_ps7_0_100M_0_synth_1" LaunchDir="/home/sebastian/Desktop/Git/SDU/ElectricGoKart/Software/ElectricGoKart/ElectricGoKart.runs/ElectricGoKart_rst_ps7_0_100M_0_synth_1" FlowId="Vivado_Synthesis" FromStepId="vivado" ToStepId="vivado"/>
	<Run Id="ElectricGoKart_processing_system7_0_0_synth_1" LaunchDir="/home/sebastian/Desktop/Git/SDU/ElectricGoKart/Software/ElectricGoKart/ElectricGoKart.runs/ElectricGoKart_processing_system7_0_0_synth_1" FlowId="Vivado_Synthesis" FromStepId="vivado" ToStepId="vivado"/>
	<Run Id="ElectricGoKart_auto_pc_0_synth_1" LaunchDir="/home/sebastian/Desktop/Git/SDU/ElectricGoKart/Software/ElectricGoKart/ElectricGoKart.runs/ElectricGoKart_auto_pc_0_synth_1" FlowId="Vivado_Synthesis" FromStepId="vivado" ToStepId="vivado"/>
	<Run Id="synth_1" LaunchDir="/home/sebastian/Desktop/Git/SDU/ElectricGoKart/Software/ElectricGoKart/ElectricGoKart.runs/synth_1" FlowId="Vivado_Synthesis" FromStepId="vivado" ToStepId="vivado">
		<Parent Id="ElectricGoKart_xadc_wiz_0_0_synth_1"/>
		<Parent Id="ElectricGoKart_rst_ps7_0_100M_0_synth_1"/>
		<Parent Id="ElectricGoKart_processing_system7_0_0_synth_1"/>
		<Parent Id="ElectricGoKart_auto_pc_0_synth_1"/>
	</Run>
	<Parameters>
		<Parameter Name="runs.monitorLSFJobs" Val="true" Type="bool"/>
	</Parameters>
</Runs>

