<?xml version="1.0"?>
<Runs Version="1" Minor="0">
	<Run Id="ElectricGoKart_xbar_0_synth_1" LaunchDir="/home/sebastian/Desktop/Git/SDU/ElectricGoKart/Software/ElectricGoKart/ElectricGoKart.runs/ElectricGoKart_xbar_0_synth_1" FlowId="Vivado_Synthesis" FromStepId="vivado" ToStepId="vivado"/>
	<Run Id="ElectricGoKart_PWM_Generator_0_0_synth_1" LaunchDir="/home/sebastian/Desktop/Git/SDU/ElectricGoKart/Software/ElectricGoKart/ElectricGoKart.runs/ElectricGoKart_PWM_Generator_0_0_synth_1" FlowId="Vivado_Synthesis" FromStepId="vivado" ToStepId="vivado"/>
	<Run Id="ElectricGoKart_Encoder_Driver_0_1_synth_1" LaunchDir="/home/sebastian/Desktop/Git/SDU/ElectricGoKart/Software/ElectricGoKart/ElectricGoKart.runs/ElectricGoKart_Encoder_Driver_0_1_synth_1" FlowId="Vivado_Synthesis" FromStepId="vivado" ToStepId="vivado"/>
	<Run Id="ElectricGoKart_axi_gpio_0_0_synth_1" LaunchDir="/home/sebastian/Desktop/Git/SDU/ElectricGoKart/Software/ElectricGoKart/ElectricGoKart.runs/ElectricGoKart_axi_gpio_0_0_synth_1" FlowId="Vivado_Synthesis" FromStepId="vivado" ToStepId="vivado"/>
	<Run Id="ElectricGoKart_axi_gpio_1_0_synth_1" LaunchDir="/home/sebastian/Desktop/Git/SDU/ElectricGoKart/Software/ElectricGoKart/ElectricGoKart.runs/ElectricGoKart_axi_gpio_1_0_synth_1" FlowId="Vivado_Synthesis" FromStepId="vivado" ToStepId="vivado"/>
	<Run Id="ElectricGoKart_axi_gpio_3_0_synth_1" LaunchDir="/home/sebastian/Desktop/Git/SDU/ElectricGoKart/Software/ElectricGoKart/ElectricGoKart.runs/ElectricGoKart_axi_gpio_3_0_synth_1" FlowId="Vivado_Synthesis" FromStepId="vivado" ToStepId="vivado"/>
	<Run Id="ElectricGoKart_axi_gpio_2_0_synth_1" LaunchDir="/home/sebastian/Desktop/Git/SDU/ElectricGoKart/Software/ElectricGoKart/ElectricGoKart.runs/ElectricGoKart_axi_gpio_2_0_synth_1" FlowId="Vivado_Synthesis" FromStepId="vivado" ToStepId="vivado"/>
	<Run Id="ElectricGoKart_axi_gpio_4_0_synth_1" LaunchDir="/home/sebastian/Desktop/Git/SDU/ElectricGoKart/Software/ElectricGoKart/ElectricGoKart.runs/ElectricGoKart_axi_gpio_4_0_synth_1" FlowId="Vivado_Synthesis" FromStepId="vivado" ToStepId="vivado"/>
	<Run Id="synth_1" LaunchDir="/home/sebastian/Desktop/Git/SDU/ElectricGoKart/Software/ElectricGoKart/ElectricGoKart.runs/synth_1" FlowId="Vivado_Synthesis" FromStepId="vivado" ToStepId="vivado">
		<Parent Id="ElectricGoKart_xbar_0_synth_1"/>
		<Parent Id="ElectricGoKart_PWM_Generator_0_0_synth_1"/>
		<Parent Id="ElectricGoKart_Encoder_Driver_0_1_synth_1"/>
		<Parent Id="ElectricGoKart_axi_gpio_0_0_synth_1"/>
		<Parent Id="ElectricGoKart_axi_gpio_1_0_synth_1"/>
		<Parent Id="ElectricGoKart_axi_gpio_3_0_synth_1"/>
		<Parent Id="ElectricGoKart_axi_gpio_2_0_synth_1"/>
		<Parent Id="ElectricGoKart_axi_gpio_4_0_synth_1"/>
	</Run>
	<Parameters>
		<Parameter Name="runs.monitorLSFJobs" Val="true" Type="bool"/>
	</Parameters>
</Runs>

