<?xml version="1.0" encoding="UTF-8"?>
<GenRun Id="impl_1" LaunchPart="xc7z010clg400-1" LaunchTime="1620976990">
  <File Type="WBT-USG" Name="usage_statistics_webtalk.html"/>
  <File Type="BG-DRC" Name="ElectricGoKart_wrapper.drc"/>
  <File Type="BG-BGN" Name="ElectricGoKart_wrapper.bgn"/>
  <File Type="BITSTR-SYSDEF" Name="ElectricGoKart_wrapper.sysdef"/>
  <File Type="BITSTR-LTX" Name="debug_nets.ltx"/>
  <File Type="BITSTR-LTX" Name="ElectricGoKart_wrapper.ltx"/>
  <File Type="BITSTR-MMI" Name="ElectricGoKart_wrapper.mmi"/>
  <File Type="BITSTR-BMM" Name="ElectricGoKart_wrapper_bd.bmm"/>
  <File Type="BITSTR-NKY" Name="ElectricGoKart_wrapper.nky"/>
  <File Type="BITSTR-RBT" Name="ElectricGoKart_wrapper.rbt"/>
  <File Type="BITSTR-MSK" Name="ElectricGoKart_wrapper.msk"/>
  <File Type="BG-BIN" Name="ElectricGoKart_wrapper.bin"/>
  <File Type="BG-BIT" Name="ElectricGoKart_wrapper.bit"/>
  <File Type="POSTROUTE-PHYSOPT-BUS-SKEW-RPX" Name="ElectricGoKart_wrapper_bus_skew_postroute_physopted.rpx"/>
  <File Type="POSTROUTE-PHYSOPT-BUS-SKEW-PB" Name="ElectricGoKart_wrapper_bus_skew_postroute_physopted.pb"/>
  <File Type="POSTROUTE-PHYSOPT-BUS-SKEW" Name="ElectricGoKart_wrapper_bus_skew_postroute_physopted.rpt"/>
  <File Type="RDI-RDI" Name="ElectricGoKart_wrapper.vdi"/>
  <File Type="POSTROUTE-PHYSOPT-TIMING-RPX" Name="ElectricGoKart_wrapper_timing_summary_postroute_physopted.rpx"/>
  <File Type="POSTROUTE-PHYSOPT-TIMING-PB" Name="ElectricGoKart_wrapper_timing_summary_postroute_physopted.pb"/>
  <File Type="POSTROUTE-PHYSOPT-TIMING" Name="ElectricGoKart_wrapper_timing_summary_postroute_physopted.rpt"/>
  <File Type="POSTROUTE-PHYSOPT-BLACKBOX-DCP" Name="ElectricGoKart_wrapper_postroute_physopt_bb.dcp"/>
  <File Type="POSTROUTE-PHYSOPT-DCP" Name="ElectricGoKart_wrapper_postroute_physopt.dcp"/>
  <File Type="ROUTE-BUS-SKEW" Name="ElectricGoKart_wrapper_bus_skew_routed.rpt"/>
  <File Type="ROUTE-CLK" Name="ElectricGoKart_wrapper_clock_utilization_routed.rpt"/>
  <File Type="ROUTE-SIMILARITY" Name="ElectricGoKart_wrapper_incremental_reuse_routed.rpt"/>
  <File Type="ROUTE-TIMING-RPX" Name="ElectricGoKart_wrapper_timing_summary_routed.rpx"/>
  <File Type="ROUTE-TIMING-PB" Name="ElectricGoKart_wrapper_timing_summary_routed.pb"/>
  <File Type="ROUTE-TIMINGSUMMARY" Name="ElectricGoKart_wrapper_timing_summary_routed.rpt"/>
  <File Type="ROUTE-STATUS-PB" Name="ElectricGoKart_wrapper_route_status.pb"/>
  <File Type="ROUTE-STATUS" Name="ElectricGoKart_wrapper_route_status.rpt"/>
  <File Type="ROUTE-PWR-RPX" Name="ElectricGoKart_wrapper_power_routed.rpx"/>
  <File Type="ROUTE-PWR-SUM" Name="ElectricGoKart_wrapper_power_summary_routed.pb"/>
  <File Type="ROUTE-PWR" Name="ElectricGoKart_wrapper_power_routed.rpt"/>
  <File Type="ROUTE-METHODOLOGY-DRC-PB" Name="ElectricGoKart_wrapper_methodology_drc_routed.pb"/>
  <File Type="ROUTE-METHODOLOGY-DRC-RPX" Name="ElectricGoKart_wrapper_methodology_drc_routed.rpx"/>
  <File Type="ROUTE-METHODOLOGY-DRC" Name="ElectricGoKart_wrapper_methodology_drc_routed.rpt"/>
  <File Type="ROUTE-DRC-RPX" Name="ElectricGoKart_wrapper_drc_routed.rpx"/>
  <File Type="ROUTE-DRC-PB" Name="ElectricGoKart_wrapper_drc_routed.pb"/>
  <File Type="ROUTE-DRC" Name="ElectricGoKart_wrapper_drc_routed.rpt"/>
  <File Type="ROUTE-BLACKBOX-DCP" Name="ElectricGoKart_wrapper_routed_bb.dcp"/>
  <File Type="ROUTE-DCP" Name="ElectricGoKart_wrapper_routed.dcp"/>
  <File Type="ROUTE-ERROR-DCP" Name="ElectricGoKart_wrapper_routed_error.dcp"/>
  <File Type="PHYSOPT-TIMING" Name="ElectricGoKart_wrapper_timing_summary_physopted.rpt"/>
  <File Type="PHYSOPT-DRC" Name="ElectricGoKart_wrapper_drc_physopted.rpt"/>
  <File Type="PHYSOPT-DCP" Name="ElectricGoKart_wrapper_physopt.dcp"/>
  <File Type="POSTPLACE-PWROPT-TIMING" Name="ElectricGoKart_wrapper_timing_summary_postplace_pwropted.rpt"/>
  <File Type="POSTPLACE-PWROPT-DCP" Name="ElectricGoKart_wrapper_postplace_pwropt.dcp"/>
  <File Type="PLACE-TIMING" Name="ElectricGoKart_wrapper_timing_summary_placed.rpt"/>
  <File Type="PLACE-PRE-SIMILARITY" Name="ElectricGoKart_wrapper_incremental_reuse_pre_placed.rpt"/>
  <File Type="PLACE-SIMILARITY" Name="ElectricGoKart_wrapper_incremental_reuse_placed.rpt"/>
  <File Type="PLACE-CTRL" Name="ElectricGoKart_wrapper_control_sets_placed.rpt"/>
  <File Type="PLACE-UTIL-PB" Name="ElectricGoKart_wrapper_utilization_placed.pb"/>
  <File Type="PLACE-UTIL" Name="ElectricGoKart_wrapper_utilization_placed.rpt"/>
  <File Type="PLACE-CLK" Name="ElectricGoKart_wrapper_clock_utilization_placed.rpt"/>
  <File Type="PLACE-IO" Name="ElectricGoKart_wrapper_io_placed.rpt"/>
  <File Type="PLACE-DCP" Name="ElectricGoKart_wrapper_placed.dcp"/>
  <File Type="PWROPT-TIMING" Name="ElectricGoKart_wrapper_timing_summary_pwropted.rpt"/>
  <File Type="PWROPT-DRC" Name="ElectricGoKart_wrapper_drc_pwropted.rpt"/>
  <File Type="PWROPT-DCP" Name="ElectricGoKart_wrapper_pwropt.dcp"/>
  <File Type="OPT-TIMING" Name="ElectricGoKart_wrapper_timing_summary_opted.rpt"/>
  <File Type="OPT-HWDEF" Name="ElectricGoKart_wrapper.hwdef"/>
  <File Type="OPT-METHODOLOGY-DRC" Name="ElectricGoKart_wrapper_methodology_drc_opted.rpt"/>
  <File Type="OPT-DRC" Name="ElectricGoKart_wrapper_drc_opted.rpt"/>
  <File Type="OPT-DCP" Name="ElectricGoKart_wrapper_opt.dcp"/>
  <File Type="INIT-TIMING" Name="ElectricGoKart_wrapper_timing_summary_init.rpt"/>
  <File Type="ROUTE-BUS-SKEW-RPX" Name="ElectricGoKart_wrapper_bus_skew_routed.rpx"/>
  <File Type="REPORTS-TCL" Name="ElectricGoKart_wrapper_reports.tcl"/>
  <File Type="ROUTE-BUS-SKEW-PB" Name="ElectricGoKart_wrapper_bus_skew_routed.pb"/>
  <File Type="PA-TCL" Name="ElectricGoKart_wrapper.tcl"/>
  <FileSet Name="sources" Type="DesignSrcs" RelSrcDir="$PSRCDIR/sources_1">
    <Filter Type="Srcs"/>
    <File Path="$PSRCDIR/sources_1/bd/ElectricGoKart/ElectricGoKart.bd">
      <FileInfo>
        <Attr Name="UsedIn" Val="synthesis"/>
        <Attr Name="UsedIn" Val="implementation"/>
        <Attr Name="UsedIn" Val="simulation"/>
      </FileInfo>
    </File>
    <File Path="$PSRCDIR/sources_1/bd/ElectricGoKart/hdl/ElectricGoKart_wrapper.vhd">
      <FileInfo>
        <Attr Name="UsedIn" Val="synthesis"/>
        <Attr Name="UsedIn" Val="simulation"/>
      </FileInfo>
    </File>
    <Config>
      <Option Name="DesignMode" Val="RTL"/>
      <Option Name="TopModule" Val="ElectricGoKart_wrapper"/>
      <Option Name="TopAutoSet" Val="TRUE"/>
    </Config>
  </FileSet>
  <FileSet Name="constrs_in" Type="Constrs" RelSrcDir="$PSRCDIR/constrs_1">
    <Filter Type="Constrs"/>
    <File Path="$PSRCDIR/constrs_1/new/ElectricGoKartConstraints.xdc">
      <FileInfo>
        <Attr Name="UsedIn" Val="synthesis"/>
        <Attr Name="UsedIn" Val="implementation"/>
      </FileInfo>
    </File>
    <Config>
      <Option Name="TargetConstrsFile" Val="$PSRCDIR/constrs_1/new/ElectricGoKartConstraints.xdc"/>
      <Option Name="ConstrsType" Val="XDC"/>
    </Config>
  </FileSet>
  <FileSet Name="utils" Type="Utils" RelSrcDir="$PSRCDIR/utils_1">
    <Filter Type="Utils"/>
    <Config>
      <Option Name="TopAutoSet" Val="TRUE"/>
    </Config>
  </FileSet>
  <Strategy Version="1" Minor="2">
    <StratHandle Name="Vivado Implementation Defaults" Flow="Vivado Implementation 2018"/>
    <Step Id="init_design"/>
    <Step Id="opt_design"/>
    <Step Id="power_opt_design"/>
    <Step Id="place_design"/>
    <Step Id="post_place_power_opt_design"/>
    <Step Id="phys_opt_design"/>
    <Step Id="route_design"/>
    <Step Id="post_route_phys_opt_design"/>
    <Step Id="write_bitstream"/>
  </Strategy>
  <BlockFileSet Type="BlockSrcs" Name="ElectricGoKart_PWM_Generator_0_1"/>
  <BlockFileSet Type="BlockSrcs" Name="ElectricGoKart_axi_gpio_4_0"/>
  <BlockFileSet Type="BlockSrcs" Name="ElectricGoKart_axi_gpio_2_0"/>
  <BlockFileSet Type="BlockSrcs" Name="ElectricGoKart_axi_gpio_3_0"/>
  <BlockFileSet Type="BlockSrcs" Name="ElectricGoKart_axi_gpio_1_0"/>
  <BlockFileSet Type="BlockSrcs" Name="ElectricGoKart_processing_system7_0_0"/>
  <BlockFileSet Type="BlockSrcs" Name="ElectricGoKart_axi_gpio_0_0"/>
  <BlockFileSet Type="BlockSrcs" Name="ElectricGoKart_Encoder_Driver_0_0"/>
  <BlockFileSet Type="BlockSrcs" Name="ElectricGoKart_xadc_wiz_0_0"/>
</GenRun>
